fire_id_sgif,fire_id_anepc,year,datetime_start,datetime_first_intervention,datetime_end,duration_min,dicofre_code,nuts3_region,district,municipality,parish,locality,cause_code,cause_type,cause_description,area_ha_sig,area_ha_sgif,area_ha_forest,area_ha_scrub,area_ha_agricultural,edition
20251237727,20251237727,2025,2025-09-15,2025-09-15,2025-09-15,107,171302,Alto Tâmega e Barroso,Vila Real,Vila Pouca de Aguiar,Alfarela de Jales,Reboredo (Picho),448,Intentional,Arson - Culpable,18.46793646,17.45073376,0.95310642,15.84211052,0.65551682,2026-03-10
20251232871,20251232871,2025,2025-09-14,2025-09-14,2025-09-14,260,171302,Alto Tâmega e Barroso,Vila Real,Vila Pouca de Aguiar,Alfarela de Jales,Cidadelha de Jales (Carvalho Belina),448,Intentional,Arson - Culpable,1.60621257,1.60621257,0.0,1.60621257,0.0,2026-03-10
20251027483,20251027483,2025,2025-08-04,2025-08-04,2025-08-04,173,040516,Terras de Trás-Os-Montes,Bragança,Macedo de Cavaleiros,Lagoa,LAGOA,145,Negligent,Use of fire - Bonfires,0.70123021,0.70123021,0.0,0.0,0.70123021,2026-03-10
20250409296,20250409296,2025,2025-03-29,2025-03-29,2025-03-29,7,040124,Terras de Trás-Os-Montes,Bragança,Alfândega da Fé,União das freguesias de Gebelim e Soeima,GEBELIM (Abichedos),122,Negligent,Burning of forest or agricultural residues,0.04878037,0.65,0.0,0.65,0.0,2025-07-27
20251172122,20251172122,2025,2025-09-01,2025-09-01,2025-09-01,567,040728,Terras de Trás-Os-Montes,Bragança,Mirandela,São Salvador,São Salvador (Vale de Salgueiro),225,Negligent,Accidental - Machinery,11.3560268,11.21342433,1.54189006,6.96063158,2.71090269,2026-03-10
20250969915,20250969915,2025,2025-07-24,2025-07-24,2025-07-24,82,040721,Terras de Trás-Os-Montes,Bragança,Mirandela,Mirandela,Freixedinha (Carreira de Tiro),211,Negligent,Accidental - Transport and Communications,1.96123651,1.96123651,0.0,1.92509755,0.03613896,2026-03-10
20251370652,20251370652,2025,2025-10-12,2025-10-12,2025-10-13,275,171227,Alto Tâmega e Barroso,Vila Real,Valpaços,Vales,Alto do Vale das Carvalhas,449,Intentional,Arson - Culpable,3.58068807,3.58068807,0.95738271,1.94484341,0.67846195,2026-03-10
20251069554,20251069554,2025,2025-08-11,2025-08-11,2025-08-12,283,171223,Alto Tâmega e Barroso,Vila Real,Valpaços,São Pedro de Veiga de Lila,Açoreira,125,Negligent,Burning for pasture management,5.76159281,5.76159281,0.28866094,4.1122706,1.36066127,2026-03-10
20251174219,20251174219,2025,2025-09-01,2025-09-01,2025-09-02,108,171223,Alto Tâmega e Barroso,Vila Real,Valpaços,São Pedro de Veiga de Lila,"Deimãos, Valpaços, Portugal (Deimãos)",125,Negligent,Burning for pasture management,0.51903146,0.51903146,0.0,0.48074863,0.03828283,2026-03-10
20251034465,20251034465,2025,2025-08-05,2025-08-05,2025-08-05,63,171223,Alto Tâmega e Barroso,Vila Real,Valpaços,São Pedro de Veiga de Lila,Deimãos,333,Intentional,Structural - Land use,4.73963403,4.73963403,0.0,1.81773029,2.92190375,2026-03-10
20251298048,20251298048,2025,2025-09-27,2025-09-27,2025-09-28,352,040721,Terras de Trás-Os-Montes,Bragança,Mirandela,Mirandela,"Autoestrada Transmontana, 5370-081 Mirandela, Portugal (Quinta do Mourel Oe Cima)",125,Negligent,Burning for pasture management,56.10362391,56.10362391,1.40263652,48.54708889,6.1538985,2026-03-10
20250920040,20250920040,2025,2025-07-14,2025-07-14,2025-07-14,68,040711,Terras de Trás-Os-Montes,Bragança,Mirandela,Carvalhais,M1081- Vale pereiro (Ribeira de Vale Pereiro),226,Negligent,Accidental - Machinery,0.53373182,0.53373182,0.0,0.0,0.53373182,2026-03-10
20250781903,20250781903,2025,2025-06-17,2025-06-17,2025-06-17,23,171201,Alto Tâmega e Barroso,Vila Real,Valpaços,Água Revés e Crasto,Fonte Merce (Corrica),227,Negligent,Accidental - Machinery,1.01388824,1.01388824,0.0,0.0,1.01388824,2026-03-10
20251370413,20251370413,2025,2025-10-12,2025-10-12,2025-10-12,44,171229,Alto Tâmega e Barroso,Vila Real,Valpaços,Vassal,Vale Carrazeda,449,Intentional,Arson - Culpable,2.00888724,2.00888724,0.0,1.89666972,0.11221752,2026-03-10
20251043611,20251043611,2025,2025-08-07,2025-08-07,2025-08-10,4722,171319,Alto Tâmega e Barroso,Vila Real,Vila Pouca de Aguiar,Alvão,"Pinduradouro, (Alto dos Carris)",125,Negligent,Burning for pasture management,489.52922881,485.06206174,24.94581041,455.4972499,4.61900143,2026-03-10
20251048276,20251048276,2025,2025-08-08,2025-08-08,2025-08-09,1690,170901,Alto Tâmega e Barroso,Vila Real,Ribeira de Pena,Alvadia,Favais (Ribeira da Vinha),125,Negligent,Burning for pasture management,945.34416638,927.36265846,74.0970724,812.83807208,40.42751397,2026-03-10
20250274364,20250274364,2025,2025-03-02,2025-03-02,2025-03-02,539,171319,Alto Tâmega e Barroso,Vila Real,Vila Pouca de Aguiar,Alvão,Viduedo (Fragas da Pomba),125,Negligent,Burning for pasture management,23.70723511,23.70723511,0.0,23.70723511,0.0,2026-03-10
20250932393,20250932393,2025,2025-07-16,2025-07-16,2025-07-17,228,171311,Alto Tâmega e Barroso,Vila Real,Vila Pouca de Aguiar,Telões,Pontido Lugar da Feira (Santo António),125,Negligent,Burning for pasture management,0.95524477,0.95524477,0.01867443,0.93657034,0.0,2026-03-10
20251281365,20251281365,2025,2025-09-24,2025-09-24,2025-09-24,88,171311,Alto Tâmega e Barroso,Vila Real,Vila Pouca de Aguiar,Telões,Castelo (Carris),60,Unknown,Undetermined,0.62044796,0.62044796,0.62044796,0.0,0.0,2026-03-10
20250455904,20250455904,2025,2025-04-08,2025-04-08,2025-04-08,156,171303,Alto Tâmega e Barroso,Vila Real,Vila Pouca de Aguiar,Bornes de Aguiar,Tinhela de Baixo (Geia),124,Negligent,Burning piles of forest or agricultural residues,1.86355138,1.86355138,1.86355138,0.0,0.0,2026-03-10
20250548192,20250548192,2025,2025-04-29,2025-04-29,2025-04-29,104,171310,Alto Tâmega e Barroso,Vila Real,Vila Pouca de Aguiar,Soutelo de Aguiar,Alvão Village & Camping (Rio Torno),124,Negligent,Burning piles of forest or agricultural residues,1.12824808,1.12824808,1.07671651,0.05153157,0.0,2026-03-10
20251339887,20251339887,2025,2025-10-06,2025-10-06,2025-10-06,36,171303,Alto Tâmega e Barroso,Vila Real,Vila Pouca de Aguiar,Bornes de Aguiar,Vila Meã,60,Unknown,Undetermined,0.64341436,0.58947203,0.0,0.0,0.58947203,2026-03-10
20251254727,20251254727,2025,2025-09-19,2025-09-19,2025-09-19,1257,171320,Alto Tâmega e Barroso,Vila Real,Vila Pouca de Aguiar,União das freguesias de Pensalvos e Parada de Monteiros,Pensalvos (Calvário),448,Intentional,Arson - Culpable,5.41287191,5.41287191,0.42063593,4.99223598,0.0,2026-03-10
20251196320,20251196320,2025,2025-09-06,2025-09-06,2025-09-06,99,170902,Alto Tâmega e Barroso,Vila Real,Ribeira de Pena,Canedo,CANEDO (Serra de Santa Comba),448,Intentional,Arson - Culpable,2.80387069,2.60507438,0.78075653,1.82431785,0.0,2026-03-10
20250467529,20250467529,2025,2025-04-10,2025-04-10,2025-04-10,81,170902,Alto Tâmega e Barroso,Vila Real,Ribeira de Pena,Canedo,"Canedo, Ribeira de Pena, Portugal (Gorbela)",448,Intentional,Arson - Culpable,0.56888827,0.56888827,0.56888827,0.0,0.0,2026-03-10
20251206906,20251206906,2025,2025-09-09,2025-09-09,2025-09-09,44,170902,Alto Tâmega e Barroso,Vila Real,Ribeira de Pena,Canedo,Canedo 1 (Gorbela),448,Intentional,Arson - Culpable,0.50829205,0.50829205,0.25111414,0.25717792,0.0,2026-03-10
20250425989,20250425989,2025,2025-04-01,2025-04-01,2025-04-02,256,171319,Alto Tâmega e Barroso,Vila Real,Vila Pouca de Aguiar,Alvão,Fragas da Pomba,125,Negligent,Burning for pasture management,7.85764154,7.85764154,0.0,7.85764154,0.0,2026-03-10
20250081234,20250081234,2025,2025-01-18,2025-01-18,2025-01-18,57,170909,Alto Tâmega e Barroso,Vila Real,Ribeira de Pena,União das freguesias de Ribeira de Pena (Salvador) e Santo Aleixo de Além-Tâmega,POVOA (Bouça dos Ferreiras),125,Negligent,Burning for pasture management,1.15607323,1.15607323,0.0,1.15607323,0.0,2026-03-10
20251373784,20251373784,2025,2025-10-13,2025-10-13,2025-10-13,100,170906,Alto Tâmega e Barroso,Vila Real,Ribeira de Pena,Santa Marinha,CHOUPICA,448,Intentional,Arson - Culpable,1.5867582,1.58522606,0.51139147,1.07383459,0.0,2026-03-10
20250842429,20250842429,2025,2025-06-29,2025-06-29,2025-06-29,134,170906,Alto Tâmega e Barroso,Vila Real,Ribeira de Pena,Santa Marinha,Viela (Corgo de Travassos),711,Rekindling,Rekindling,1.41452483,1.41452483,1.41452483,0.0,0.0,2026-03-10
20251273324,20251273324,2025,2025-09-22,2025-09-22,2025-09-22,114,170902,Alto Tâmega e Barroso,Vila Real,Ribeira de Pena,Canedo,CANEDO (Corga do Covêlo),448,Intentional,Arson - Culpable,2.51400111,2.51400111,2.36351549,0.0,0.15048562,2026-03-10
20250756227,20250756227,2025,2025-06-12,2025-06-12,2025-06-12,135,170902,Alto Tâmega e Barroso,Vila Real,Ribeira de Pena,Canedo,Canedo (Alto de Além),448,Intentional,Arson - Culpable,3.65561252,3.65561252,3.65561252,0.0,0.0,2026-03-10
20251362172,20251362172,2025,2025-10-10,2025-10-10,2025-10-11,155,170902,Alto Tâmega e Barroso,Vila Real,Ribeira de Pena,Canedo,CANEDO (Gorbela),448,Intentional,Arson - Culpable,3.73440702,3.73440702,2.26248233,1.47192469,0.0,2026-03-10
20250756290,20250756290,2025,2025-06-12,2025-06-12,2025-06-12,85,170902,Alto Tâmega e Barroso,Vila Real,Ribeira de Pena,Canedo,Penalonga (Veiga da Gorbela),448,Intentional,Arson - Culpable,0.71421942,0.71421942,0.2144322,0.49978723,0.0,2026-03-10
20250538885,20250538885,2025,2025-04-27,2025-04-27,2025-04-27,163,170902,Alto Tâmega e Barroso,Vila Real,Ribeira de Pena,Canedo,Penalonga (Vale de Agrelo),448,Intentional,Arson - Culpable,6.44848485,6.44848485,6.09200609,0.35647876,0.0,2026-03-10
20250467300,20250467300,2025,2025-04-10,2025-04-10,2025-04-10,143,170220,Alto Tâmega e Barroso,Vila Real,Boticas,"Codessoso, Curros e Fiães do Tâmega",Moinho do Inferno,449,Intentional,Arson - Culpable,3.3215772,3.3215772,0.88857316,2.1117047,0.32129934,2026-03-10
20250414833,20250414833,2025,2025-03-30,2025-03-30,2025-03-30,66,170220,Alto Tâmega e Barroso,Vila Real,Boticas,"Codessoso, Curros e Fiães do Tâmega",Couto de Lameiras,449,Intentional,Arson - Culpable,2.10004703,2.10004703,2.10004703,0.0,0.0,2026-03-10
20250544946,20250544946,2025,2025-04-28,2025-04-28,2025-04-28,85,170220,Alto Tâmega e Barroso,Vila Real,Boticas,"Codessoso, Curros e Fiães do Tâmega",Couto de Lameiras,449,Intentional,Arson - Culpable,0.79036637,0.79036637,0.79036637,0.0,0.0,2026-03-10
20250425950,20250425950,2025,2025-04-01,2025-04-01,2025-04-01,74,170220,Alto Tâmega e Barroso,Vila Real,Boticas,"Codessoso, Curros e Fiães do Tâmega",Couto de Lameiras,125,Negligent,Burning for pasture management,0.76673486,0.76673486,0.76673486,0.0,0.0,2026-03-10
20250415127,20250415127,2025,2025-03-30,2025-03-30,2025-03-30,79,170220,Alto Tâmega e Barroso,Vila Real,Boticas,"Codessoso, Curros e Fiães do Tâmega",Veiga de Espinho,125,Negligent,Burning for pasture management,3.74405519,3.74405519,1.5797977,1.42315858,0.74109891,2026-03-10
20250420793,20250420793,2025,2025-03-31,2025-03-31,2025-04-01,245,170215,Alto Tâmega e Barroso,Vila Real,Boticas,Sapiãos,Ribeiro do Vale,122,Negligent,Burning of forest or agricultural residues,10.31297712,10.31297712,0.56490642,9.7480707,0.0,2026-03-10
20251129470,20251129470,2025,2025-08-23,2025-08-23,2025-08-23,370,170215,Alto Tâmega e Barroso,Vila Real,Boticas,Sapiãos,ED103 (ED103) Km 151,448,Intentional,Arson - Culpable,0.91478798,0.91478798,0.06494248,0.18294777,0.66689773,2026-03-10
20251109853,20251109853,2025,2025-08-19,2025-08-19,2025-08-19,153,170604,Alto Tâmega e Barroso,Vila Real,Montalegre,Chã,Lama da Veiga,125,Negligent,Burning for pasture management,1.53637313,1.53637313,0.0,0.13460496,1.40176817,2026-03-10
20250743788,20250743788,2025,2025-06-09,2025-06-09,2025-06-09,77,170616,Alto Tâmega e Barroso,Vila Real,Montalegre,Morgade,Alto da Queimada,125,Negligent,Burning for pasture management,1.99938209,1.99938209,0.56156481,1.34074401,0.09707327,2026-03-10
20251401370,20251401370,2025,2025-10-19,2025-10-19,2025-10-19,870,170603,Alto Tâmega e Barroso,Vila Real,Montalegre,Cervos,Corgo dos Mouros,125,Negligent,Burning for pasture management,247.89375452,247.89375452,17.39631908,230.49743544,0.0,2026-03-10
20251292430,20251292430,2025,2025-09-26,2025-09-26,2025-09-26,150,170218,Alto Tâmega e Barroso,Vila Real,Boticas,Ardãos e Bobadela,Ribeiro da Sangrinheira,449,Intentional,Arson - Culpable,4.44699972,4.44699972,0.47889279,3.96810268,4.25e-06,2026-03-10
20251040884,20251040884,2025,2025-08-06,2025-08-06,2025-08-06,42,170603,Alto Tâmega e Barroso,Vila Real,Montalegre,Cervos,Ribeira da Portalagem,125,Negligent,Burning for pasture management,0.90395465,0.90395465,0.0,0.03331091,0.87064375,2026-03-10
20250538380,20250538380,2025,2025-04-27,2025-04-27,2025-04-27,481,170604,Alto Tâmega e Barroso,Vila Real,Montalegre,Chã,Portela da Geia,125,Negligent,Burning for pasture management,54.22895915,54.22895915,15.76851902,38.46044013,0.0,2026-03-10
20251368841,20251368841,2025,2025-10-12,2025-10-12,2025-10-12,118,170629,Alto Tâmega e Barroso,Vila Real,Montalegre,Sarraquinhos,Pedrario,125,Negligent,Burning for pasture management,0.54014227,0.54014227,0.0,0.0,0.54014227,2026-03-10
20251350765,20251350765,2025,2025-10-08,2025-10-08,2025-10-08,77,170629,Alto Tâmega e Barroso,Vila Real,Montalegre,Sarraquinhos,Outeiro da Veiga,125,Negligent,Burning for pasture management,0.45212507,0.5,0.0,0.5,0.0,2025-10-13
20250543404,20250543404,2025,2025-04-28,2025-04-28,2025-04-28,330,170637,Alto Tâmega e Barroso,Vila Real,Montalegre,União das freguesias de Meixedo e Padornelos,FERRONHO,711,Rekindling,Rekindling,109.31180253,109.31180253,66.97236855,40.30009446,2.03933952,2026-03-10
20251401271,20251401271,2025,2025-10-19,2025-10-19,2025-10-19,101,170643,Alto Tâmega e Barroso,Vila Real,Montalegre,União das freguesias de Vilar de Perdizes e Meixide,VILAR DE PERDIZES (Senhora da Saúde),125,Negligent,Burning for pasture management,0.96922089,0.96922089,0.02632175,0.94289914,0.0,2026-03-10
20251264068,20251264068,2025,2025-09-20,2025-09-20,2025-09-21,119,170612,Alto Tâmega e Barroso,Vila Real,Montalegre,Gralhas,Regato da Lama do Boi,125,Negligent,Burning for pasture management,1.29912336,1.29912336,0.0,1.21326449,0.08585887,2026-03-10
20250905680,20250905680,2025,2025-07-11,2025-07-11,2025-07-11,443,040523,Terras de Trás-Os-Montes,Bragança,Macedo de Cavaleiros,Olmos,SOBREIRO SEGUNDO,127,Negligent,Extensive burning - Clearance of paths and access routes,0.67919431,0.67919431,0.65458056,0.0,0.02461375,2026-03-10
20251206188,20251206188,2025,2025-09-08,2025-09-08,2025-09-08,188,040533,Terras de Trás-Os-Montes,Bragança,Macedo de Cavaleiros,Vale da Porca,Alto do Montinho,125,Negligent,Burning for pasture management,8.86038688,8.86038688,4.17275367,4.67814568,0.00948753,2026-03-10
20250889591,20250889591,2025,2025-07-08,2025-07-08,2025-07-08,107,040544,Terras de Trás-Os-Montes,Bragança,Macedo de Cavaleiros,União das freguesias de Talhinhas e Bagueixe,Gralhós (Navalhos),121,Negligent,Burning of forest or agricultural residues,14.74178302,14.74178302,3.26681815,3.14632698,8.32863789,2026-03-10
20251335685,20251335685,2025,2025-10-05,2025-10-05,2025-10-05,161,040738,Terras de Trás-Os-Montes,Bragança,Mirandela,União das freguesias de Avantos e Romeu,"Açoreira, Alvites (ED15 (ED15) Km 193)",448,Intentional,Arson - Culpable,0.74083127,0.74083127,0.74083127,0.0,0.0,2026-03-10
20250414860,20250414860,2025,2025-03-30,2025-03-30,2025-03-30,183,041110,Terras de Trás-Os-Montes,Bragança,Vimioso,Santulhão,"Santulhão, Vimioso, Portugal (Vale Porquinho)",125,Negligent,Burning for pasture management,1.79398005,1.79398005,0.0,1.67917577,0.11480428,2026-03-10
20250915758,20250915758,2025,2025-07-13,2025-07-13,2025-07-13,111,040233,Terras de Trás-Os-Montes,Bragança,Bragança,Quintela de Lampaças,QUINTELA DE LAMPAÇAS (Madeiras),116,Negligent,Use of fire - Waste burning,3.06359476,3.06359476,0.70858931,2.35298848,0.00201697,2026-03-10
20251105890,20251105890,2025,2025-08-18,2025-08-18,2025-08-18,100,040543,Terras de Trás-Os-Montes,Bragança,Macedo de Cavaleiros,União das freguesias de Podence e Santa Combinha,PODENCE,711,Rekindling,Rekindling,1.56488713,1.56488713,1.27514015,0.0,0.28974698,2026-03-10
20251084140,20251084140,2025,2025-08-14,2025-08-14,2025-08-14,151,040539,Terras de Trás-Os-Montes,Bragança,Macedo de Cavaleiros,União das freguesias de Ala e Vilarinho do Monte,Ala,60,Unknown,Undetermined,1.36693926,1.36693926,0.78859934,0.0,0.57833991,2026-03-10
20251191424,20251191424,2025,2025-09-05,2025-09-05,2025-09-05,234,170704,Douro,Vila Real,Murça,Jou,Serapicos (Toubres),125,Negligent,Burning for pasture management,5.94743129,5.94743129,5.01978902,0.0,0.92764227,2026-03-10
20251007569,20251007569,2025,2025-07-31,2025-07-31,2025-07-31,97,170704,Douro,Vila Real,Murça,Jou,Toubres,125,Negligent,Burning for pasture management,2.80011675,2.80011675,0.88908709,1.84833802,0.06269164,2026-03-10
20250962302,20250962302,2025,2025-07-23,2025-07-23,2025-07-23,134,170704,Douro,Vila Real,Murça,Jou,Toubres (Alto do Vale dos Coelhos),125,Negligent,Burning for pasture management,2.31154735,2.31154735,1.14128824,1.17011713,0.00014197,2026-03-10
20251113175,20251113175,2025,2025-08-20,2025-08-20,2025-08-20,122,170704,Douro,Vila Real,Murça,Jou,Vale de Égua (ER314 (ER314) Km 28),448,Intentional,Arson - Culpable,1.21946921,1.21946921,1.11830164,0.0,0.10116757,2026-03-10
20250975323,20250975323,2025,2025-07-25,2025-07-25,2025-07-25,36,171219,Alto Tâmega e Barroso,Vila Real,Valpaços,Santa Maria de Emeres,Alto das Fontainhas,449,Intentional,Arson - Culpable,0.58082846,0.58082846,0.0,0.06699594,0.51383252,2026-03-10
20251155174,20251155174,2025,2025-08-28,2025-08-28,2025-08-28,31,171219,Alto Tâmega e Barroso,Vila Real,Valpaços,Santa Maria de Emeres,Vale Touro,227,Negligent,Accidental - Machinery,0.28209817,0.5,0.5,0.0,0.0,2025-12-15
20251220215,20251220215,2025,2025-09-11,2025-09-11,2025-09-11,68,171303,Alto Tâmega e Barroso,Vila Real,Vila Pouca de Aguiar,Bornes de Aguiar,Lagoa (Vessadas),448,Intentional,Arson - Culpable,1.96362823,1.96362823,0.0,1.8435294,0.12009883,2026-03-10
20250398775,20250398775,2025,2025-03-27,2025-03-27,2025-03-27,106,171221,Alto Tâmega e Barroso,Vila Real,Valpaços,Santiago da Ribeira de Alhariz,Chamoinha,121,Negligent,Burning of forest or agricultural residues,0.64300555,0.64300555,0.4302507,0.19717673,0.01557812,2026-03-10
20250970819,20250970819,2025,2025-07-24,2025-07-24,2025-07-24,37,170317,Alto Tâmega e Barroso,Vila Real,Chaves,Moreiras,MOREIRAS (POILO),152,Negligent,Use of fire - Smoking,1.39366069,1.39366069,0.06624997,0.0,1.32741072,2026-03-10
20251122638,20251122638,2025,2025-08-21,2025-08-21,2025-08-21,70,171212,Alto Tâmega e Barroso,Vila Real,Valpaços,Friões,Moinho da Fonte,448,Intentional,Arson - Culpable,0.83935457,0.83935457,0.7282209,0.0,0.11113367,2026-03-10
20251326043,20251326043,2025,2025-10-03,2025-10-03,2025-10-03,66,041103,Terras de Trás-Os-Montes,Bragança,Vimioso,Argozelo,ARGOZELO (Ribeiro dos Inverniços),125,Negligent,Burning for pasture management,1.95118349,1.95118349,0.26536793,1.25455923,0.43125634,2026-03-10
20251131056,20251131056,2025,2025-08-23,2025-08-23,2025-08-23,202,040536,Terras de Trás-Os-Montes,Bragança,Macedo de Cavaleiros,Vilarinho de Agrochão,Vilarinho de Agrochão (Alto do Pinhal),127,Negligent,Extensive burning - Clearance of paths and access routes,2.40130485,2.40130485,1.83123108,0.0,0.57007377,2026-03-10
20250854594,20250854594,2025,2025-07-01,2025-07-01,2025-07-01,243,040230,Terras de Trás-Os-Montes,Bragança,Bragança,Pinela,pinela,51,Natural,Natural causes,2.58755195,2.58755195,0.02661167,2.56094028,0.0,2026-03-10
20251119878,20251119878,2025,2025-08-21,2025-08-21,2025-08-21,156,040253,Terras de Trás-Os-Montes,Bragança,Bragança,União das freguesias de Parada e Faílde,"Parada, Bragança, Portugal (Fonte do Poço)",127,Negligent,Extensive burning - Clearance of paths and access routes,1.54786513,1.54786513,0.61093563,0.0,0.9369295,2026-03-10
20251268457,20251268457,2025,2025-09-21,2025-09-21,2025-09-22,446,040253,Terras de Trás-Os-Montes,Bragança,Bragança,União das freguesias de Parada e Faílde,"Parada, Bragança, Portugal (Cabeço da Pala)",,,,0.23154445,0.23154445,0.15178062,0.0,0.07976383,2026-03-16
20251206458,20251206458,2025,2025-09-08,2025-09-08,2025-09-09,158,040253,Terras de Trás-Os-Montes,Bragança,Bragança,União das freguesias de Parada e Faílde,Parada (Lamas),127,Negligent,Extensive burning - Clearance of paths and access routes,2.99729144,2.99729144,0.1861013,2.23310929,0.57808085,2026-03-10
20250865779,20250865779,2025,2025-07-03,2025-07-03,2025-07-03,122,040248,Terras de Trás-Os-Montes,Bragança,Bragança,Sortes,"Sortes, Bragança, Portugal (RODEIROS)",51,Natural,Natural causes,3.5230629,3.5230629,0.62661023,2.89645267,0.0,2026-03-10
20250421358,20250421358,2025,2025-03-31,2025-04-01,2025-04-01,244,041204,Terras de Trás-Os-Montes,Bragança,Vinhais,Celas,"Celas, Vinhais, Portugal (CELAS)",127,Negligent,Extensive burning - Clearance of paths and access routes,1.36078246,1.36078246,1.10126399,0.00027088,0.2592476,2026-03-10
20251128282,20251128282,2025,2025-08-23,2025-08-23,2025-08-23,299,041208,Terras de Trás-Os-Montes,Bragança,Vinhais,Ervedosa,ERVEDOSA (Minas da Ervedosa),446,Intentional,Arson - Culpable,3.37782524,3.37782524,0.52024814,2.85757709,0.0,2026-03-10
20251092714,20251092714,2025,2025-08-16,2025-08-16,2025-08-16,227,041208,Terras de Trás-Os-Montes,Bragança,Vinhais,Ervedosa,Soutilha (Minas da Ervedosa),446,Intentional,Arson - Culpable,2.00422141,2.00422141,0.0,2.00422141,0.0,2026-03-10
20250787721,20250787721,2025,2025-06-18,2025-06-18,2025-06-18,149,171209,Alto Tâmega e Barroso,Vila Real,Valpaços,Ervões,Cabeço,227,Negligent,Accidental - Machinery,3.44287723,3.36468553,0.0,3.36468553,0.0,2026-03-10
20251075711,20251075711,2025,2025-08-13,2025-08-13,2025-08-14,2500,040539,Terras de Trás-Os-Montes,Bragança,Macedo de Cavaleiros,União das freguesias de Ala e Vilarinho do Monte,VILARINHO DO MONTE (SOBREIRA),60,Unknown,Undetermined,90.32725317,90.32725317,16.53469259,67.3935406,6.39901998,2026-03-10
20251246149,20251246149,2025,2025-09-17,2025-09-17,2025-09-17,100,041208,Terras de Trás-Os-Montes,Bragança,Vinhais,Ervedosa,Soutilha (Cabeço do Pinhal),60,Unknown,Undetermined,0.6231623,0.6231623,0.54027821,0.08288409,0.0,2026-03-10
20250392526,20250392526,2025,2025-03-25,2025-03-25,2025-03-25,89,171234,Alto Tâmega e Barroso,Vila Real,Valpaços,Sonim e Barreiros,Sonim (LAGEAL),127,Negligent,Extensive burning - Clearance of paths and access routes,0.61328116,0.61328116,0.0,0.61328116,0.0,2026-03-10
20250415578,20250415578,2025,2025-03-30,2025-03-30,2025-03-30,188,171233,Alto Tâmega e Barroso,Vila Real,Valpaços,"Lebução, Fiães e Nozelos",Pardelinha (Relva),121,Negligent,Burning of forest or agricultural residues,4.84289876,4.84289876,3.80149532,0.23755499,0.80384844,2026-03-10
20251238827,20251238827,2025,2025-09-15,2025-09-15,2025-09-15,246,171233,Alto Tâmega e Barroso,Vila Real,Valpaços,"Lebução, Fiães e Nozelos",Pardelinha (Relva),448,Intentional,Arson - Culpable,7.21669665,7.21669665,3.68814367,0.41322257,3.11533041,2026-03-10
20250746828,20250746828,2025,2025-06-10,2025-06-10,2025-06-10,58,171233,Alto Tâmega e Barroso,Vila Real,Valpaços,"Lebução, Fiães e Nozelos",Fiães (Santa Marinha),128,Negligent,Extensive burning - Fire protection,0.53226844,0.53226844,0.0,0.51522548,0.01704296,2026-03-10
20251024096,20251024096,2025,2025-08-03,2025-08-03,2025-08-04,421,171205,Alto Tâmega e Barroso,Vila Real,Valpaços,Bouçoães,Moradelha,448,Intentional,Arson - Culpable,5.40817852,5.40817852,1.59982288,1.14707819,2.66127746,2026-03-10
20250987651,20250987651,2025,2025-07-28,2025-07-28,2025-07-28,226,171233,Alto Tâmega e Barroso,Vila Real,Valpaços,"Lebução, Fiães e Nozelos",EN103 (EN103) Km 194,448,Intentional,Arson - Culpable,5.98510377,5.98510378,1.39696115,4.58814263,0.0,2026-03-10
20251182136,20251182136,2025,2025-09-03,2025-09-03,2025-09-03,107,171233,Alto Tâmega e Barroso,Vila Real,Valpaços,"Lebução, Fiães e Nozelos",Lebução (Terreiro do Marco),125,Negligent,Burning for pasture management,11.65532143,11.65532143,4.24034973,7.30780079,0.10717091,2026-03-10
20251129984,20251129984,2025,2025-08-23,2025-08-23,2025-08-23,227,171212,Alto Tâmega e Barroso,Vila Real,Valpaços,Friões,Moinho da Fonte,448,Intentional,Arson - Culpable,6.38938708,6.38938708,3.34493741,2.23540334,0.80904634,2026-03-10
20251058136,20251058136,2025,2025-08-09,2025-08-09,2025-08-09,53,171212,Alto Tâmega e Barroso,Vila Real,Valpaços,Friões,FRIÕES,449,Intentional,Arson - Culpable,0.37621474,0.5,0.0,0.5,0.0,2026-01-28
20250466633,20250466633,2025,2025-04-10,2025-04-10,2025-04-10,45,171212,Alto Tâmega e Barroso,Vila Real,Valpaços,Friões,Quintela (Senhora da Fonte),122,Negligent,Burning of forest or agricultural residues,0.43523401,0.5,0.0,0.5,0.0,2025-05-20
20251354286,20251354286,2025,2025-10-09,2025-10-09,2025-10-09,79,170318,Alto Tâmega e Barroso,Vila Real,Chaves,Nogueira da Montanha,Maços (Bouça Velha),121,Negligent,Burning of forest or agricultural residues,1.12558968,1.12558968,0.49790238,0.27012005,0.35756724,2026-03-10
20251350040,20251350040,2025,2025-10-08,2025-10-08,2025-10-08,88,170318,Alto Tâmega e Barroso,Vila Real,Chaves,Nogueira da Montanha,Maços (Bouça Velha),121,Negligent,Burning of forest or agricultural residues,4.01389673,4.01389673,1.56906867,0.14331985,2.3015082,2026-03-10
20251268088,20251268088,2025,2025-09-21,2025-09-21,2025-09-21,88,170324,Alto Tâmega e Barroso,Vila Real,Chaves,Redondelo,REDONDELO (Regato do Romão),127,Negligent,Extensive burning - Clearance of paths and access routes,0.4191744,0.6,0.0,0.6,0.0,2025-10-09
20250995610,20250995610,2025,2025-07-29,2025-07-29,2025-07-29,74,170341,Alto Tâmega e Barroso,Vila Real,Chaves,Vale de Anta,Vale de Anta (Serra da Boqueira),711,Rekindling,Rekindling,1.00696688,1.00696688,0.87979719,0.0,0.12716969,2026-03-10
20251069175,20251069175,2025,2025-08-11,2025-08-11,2025-08-11,66,170341,Alto Tâmega e Barroso,Vila Real,Chaves,Vale de Anta,VALE DE ANTA (Serra da Boqueira),448,Intentional,Arson - Culpable,0.3279076,0.655,0.405,0.25,0.0,2025-10-14
20250960594,20250960594,2025,2025-07-22,2025-07-22,2025-07-22,84,170313,Alto Tâmega e Barroso,Vila Real,Chaves,Faiões,FAIÕES (EN103 (EN103) Km 171),449,Intentional,Arson - Culpable,1.71278524,1.71278524,0.0,0.0,1.71278524,2026-03-10
20250996809,20250996809,2025,2025-07-29,2025-07-29,2025-07-29,24,170313,Alto Tâmega e Barroso,Vila Real,Chaves,Faiões,Faioes (EN103 (EN103) Km 171),127,Negligent,Extensive burning - Clearance of paths and access routes,0.96425031,0.96425031,0.0,0.0,0.96425031,2026-03-10
20250271278,20250271278,2025,2025-03-01,2025-03-01,2025-03-01,132,041207,Terras de Trás-Os-Montes,Bragança,Vinhais,Edrosa,"Negreda, Vinhais, Portugal (Alto das Penas Gosas)",312,Negligent,Accidental - Other,0.47729034,0.47729034,0.0,0.47729034,0.0,2025-08-07
20251202518,20251202518,2025,2025-09-08,2025-09-08,2025-09-08,633,041208,Terras de Trás-Os-Montes,Bragança,Vinhais,Ervedosa,Ervedosa E.M. nº 529 (Minas da Ervedosa),446,Intentional,Arson - Culpable,0.96547714,0.96547714,0.0,0.96085318,0.00462396,2026-03-10
20251153335,20251153335,2025,2025-08-28,2025-08-28,2025-08-30,2649,041219,Terras de Trás-Os-Montes,Bragança,Vinhais,Rebordelo,N103 - Palas (Malhada de Cima),60,Unknown,Undetermined,3159.85453836,3158.58442202,1851.04835001,1059.99883857,247.53723344,2026-03-10
20250269675,20250269675,2025,2025-03-01,2025-03-01,2025-03-01,77,041227,Terras de Trás-Os-Montes,Bragança,Vinhais,Vale das Fontes,Nuzedo de Baixo (Alto do Maragonço),127,Negligent,Extensive burning - Clearance of paths and access routes,3.89379306,3.89379306,0.27791587,3.61587719,0.0,2026-03-10
20251238176,20251238176,2025,2025-09-15,2025-09-15,2025-09-15,89,040236,Terras de Trás-Os-Montes,Bragança,Bragança,Rebordãos,Sarzêda,127,Negligent,Extensive burning - Clearance of paths and access routes,1.35751461,1.3575146,1.3575146,0.0,0.0,2026-03-10
20251052144,20251052144,2025,2025-08-08,2025-08-08,2025-08-09,336,040236,Terras de Trás-Os-Montes,Bragança,Bragança,Rebordãos,sarzeda (Cabeço),51,Natural,Natural causes,5.74693809,5.74693808,3.72648089,1.99758107,0.02287613,2026-03-10
20251052284,20251052284,2025,2025-08-08,2025-08-08,2025-08-09,332,040244,Terras de Trás-Os-Montes,Bragança,Bragança,São Pedro de Sarracenos,SÃO PEDRO DE SERRACENOS (Lagoa),51,Natural,Natural causes,1.68988073,1.68988073,0.28201501,0.76204457,0.64582115,2026-03-10
20251122889,20251122889,2025,2025-08-22,2025-08-22,2025-08-22,124,041233,Terras de Trás-Os-Montes,Bragança,Vinhais,Vilar de Peregrinos,Vilar dos Peregrinos (Ribeira de Candelhas),125,Negligent,Burning for pasture management,1.1276923,1.1276923,0.17714637,0.95054593,0.0,2026-03-10
20250905433,20250905433,2025,2025-07-11,2025-07-11,2025-07-11,101,040240,Terras de Trás-Os-Montes,Bragança,Bragança,Samil,Samil (Lamas),127,Negligent,Extensive burning - Clearance of paths and access routes,2.86906645,2.86906645,0.0,0.43944905,2.4296174,2026-03-10
20251436570,20251436570,2025,2025-10-26,2025-10-26,2025-10-26,90,040256,Terras de Trás-Os-Montes,Bragança,Bragança,União das freguesias de São Julião de Palácios e Deilão,"LatLong(41.81329389,-6.58462133) - M523, 5300-871 Bragança, Portugal (Ribeiro de Rebordinhos)",127,Negligent,Extensive burning - Clearance of paths and access routes,2.65216029,2.65216029,0.0,1.48049382,1.17166647,2026-03-10
20251196587,20251196587,2025,2025-09-06,2025-09-06,2025-09-06,61,170301,Alto Tâmega e Barroso,Vila Real,Chaves,Águas Frias,Mata do Padre João,236,Negligent,Accidental - Other,1.49809976,1.49809976,1.49470539,0.0,0.00339437,2026-03-10
20250284111,20250284111,2025,2025-03-04,2025-03-04,2025-03-04,96,041236,Terras de Trás-Os-Montes,Bragança,Vinhais,União das freguesias de Curopos e Vale de Janeiro,Palas (Alambique),127,Negligent,Extensive burning - Clearance of paths and access routes,0.58264417,0.58264417,0.01385543,0.56878874,0.0,2026-03-10
20251325845,20251325845,2025,2025-10-03,2025-10-03,2025-10-03,386,171233,Alto Tâmega e Barroso,Vila Real,Valpaços,"Lebução, Fiães e Nozelos",Moreiras,128,Negligent,Extensive burning - Fire protection,6.00440592,6.00440592,0.8196794,4.60356576,0.58116076,2026-03-10
20251089043,20251089043,2025,2025-08-15,2025-08-15,2025-08-15,330,170353,Alto Tâmega e Barroso,Vila Real,Chaves,Planalto de Monforte (União das freguesias de Oucidres e Bobadela),Bolideira,448,Intentional,Arson - Culpable,61.51069545,61.37416027,8.57821451,45.31715717,7.47878859,2026-03-10
20251204333,20251204333,2025,2025-09-08,2025-09-08,2025-09-09,975,170330,Alto Tâmega e Barroso,Vila Real,Chaves,Santo António de Monforte,Chã da Vrea,151,Negligent,Use of fire - Smoking,554.38456506,552.01070019,234.67870653,234.38502186,82.94697181,2026-03-10
20251327023,20251327023,2025,2025-10-03,2025-10-03,2025-10-03,297,170309,Alto Tâmega e Barroso,Vila Real,Chaves,Cimo de Vila da Castanheira,Alto do Judeu,121,Negligent,Burning of forest or agricultural residues,2.37492721,2.37492721,0.0,1.0696653,1.30526191,2026-03-10
20251198095,20251198095,2025,2025-09-07,2025-09-07,2025-09-07,221,170309,Alto Tâmega e Barroso,Vila Real,Chaves,Cimo de Vila da Castanheira,Dadim (Ribeiro de Lamigueiras),448,Intentional,Arson - Culpable,13.10925208,13.10925208,3.07401421,6.8494149,3.18582297,2026-03-10
20251209669,20251209669,2025,2025-09-09,2025-09-09,2025-09-09,269,170309,Alto Tâmega e Barroso,Vila Real,Chaves,Cimo de Vila da Castanheira,FRAGAS,448,Intentional,Arson - Culpable,19.66256679,19.66256679,2.50404356,12.84127577,4.31724746,2026-03-10
20251197229,20251197229,2025,2025-09-06,2025-09-06,2025-09-06,31,170360,Alto Tâmega e Barroso,Vila Real,Chaves,União das freguesias de Travancas e Roriz,Montonto,125,Negligent,Burning for pasture management,1.07903887,1.07903887,0.0,0.0687728,1.01026607,2026-03-10
20251249902,20251249902,2025,2025-09-18,2025-09-18,2025-09-18,66,170360,Alto Tâmega e Barroso,Vila Real,Chaves,União das freguesias de Travancas e Roriz,Dadim (Montonto),127,Negligent,Extensive burning - Clearance of paths and access routes,1.55489211,1.55489211,0.23816222,0.53716829,0.7795616,2026-03-10
20250665839,20250665839,2025,2025-05-24,2025-05-24,2025-05-24,169,170359,Alto Tâmega e Barroso,Vila Real,Chaves,União das freguesias de Soutelo e Seara Velha,Soutelo (Limarinho),448,Intentional,Arson - Culpable,10.45756582,10.45756582,0.0,10.45756582,0.0,2026-03-10
20251243428,20251243428,2025,2025-09-16,,2025-09-16,2,170359,Alto Tâmega e Barroso,Vila Real,Chaves,União das freguesias de Soutelo e Seara Velha,"LatLong(41.76310313,-7.57093046) - M527, 5400-780 Chaves, Portugal (Fraga do Laço)",125,Negligent,Burning for pasture management,0.82215506,0.82215506,0.0,0.82215506,0.0,2026-03-10
20251243342,20251243342,2025,2025-09-16,2025-09-16,2025-09-16,44,170359,Alto Tâmega e Barroso,Vila Real,Chaves,União das freguesias de Soutelo e Seara Velha,Fraga do Laço,125,Negligent,Burning for pasture management,1.06889861,1.06889861,0.0,0.17815916,0.89073945,2026-03-10
20251134721,20251134721,2025,2025-08-24,2025-08-24,2025-08-24,53,170321,Alto Tâmega e Barroso,Vila Real,Chaves,Outeiro Seco,Cocanha - Outeiro Seco (Rua de Dili),333,Intentional,Structural - Land use,1.0841319,1.0841319,1.0841319,0.0,0.0,2026-03-10
20250895168,20250895168,2025,2025-07-09,2025-07-09,2025-07-09,126,170330,Alto Tâmega e Barroso,Vila Real,Chaves,Santo António de Monforte,Portela,449,Intentional,Arson - Culpable,3.45854346,3.45854346,0.61420961,2.3342487,0.51008515,2026-03-10
20251172043,20251172043,2025,2025-09-01,2025-09-01,2025-09-01,292,170356,Alto Tâmega e Barroso,Vila Real,Chaves,União das freguesias de Calvão e Soutelinho da Raia,FORNINHOS,449,Intentional,Arson - Culpable,30.99167772,30.99167772,0.0,30.97224537,0.01943234,2026-03-10
20250954922,20250954922,2025,2025-07-21,2025-07-21,2025-07-21,53,170356,Alto Tâmega e Barroso,Vila Real,Chaves,União das freguesias de Calvão e Soutelinho da Raia,Senhora do Bom Caminho,152,Negligent,Use of fire - Smoking,0.37087075,1.5,0.0,1.5,0.0,2025-11-19
20251104135,20251104135,2025,2025-08-18,2025-08-18,2025-08-21,4374,170643,Alto Tâmega e Barroso,Vila Real,Montalegre,União das freguesias de Vilar de Perdizes e Meixide,VILAR DE PERDIZES (S.Miguel),449,Intentional,Arson - Culpable,4196.58947612,4147.73253357,1509.62842308,2032.66417417,605.43993632,2026-03-11
20251080171,20251080171,2025,2025-08-13,2025-08-13,2025-08-14,728,170345,Alto Tâmega e Barroso,Vila Real,Chaves,Vilarelho da Raia,Calmar,60,Unknown,Undetermined,3.68340285,3.68340285,0.6508297,3.03257315,0.0,2026-03-10
20251115104,20251115104,2025,2025-08-20,2025-08-20,2025-08-20,261,040203,Terras de Trás-Os-Montes,Bragança,Bragança,Babe,Babe (ED308 (ED308) Km 305),125,Negligent,Burning for pasture management,1.29782956,1.29782956,0.0,0.0,1.29782956,2026-03-10
20250414845,20250414845,2025,2025-03-30,2025-03-30,2025-03-30,189,040203,Terras de Trás-Os-Montes,Bragança,Bragança,Babe,Caravelas (Ribeiro de Caravelas),60,Unknown,Undetermined,8.61370489,8.61370489,0.0,8.42841642,0.18528848,2026-03-10
20250423892,20250423892,2025,2025-04-01,2025-04-01,2025-04-01,69,040256,Terras de Trás-Os-Montes,Bragança,Bragança,União das freguesias de São Julião de Palácios e Deilão,DEILÃO (Hortas),127,Negligent,Extensive burning - Clearance of paths and access routes,1.00223738,1.00223738,0.0,0.96847051,0.03376687,2026-03-10
20250406953,20250406953,2025,2025-03-28,2025-03-28,2025-03-28,10,041215,Terras de Trás-Os-Montes,Bragança,Vinhais,Paçó,Quintela,127,Negligent,Extensive burning - Clearance of paths and access routes,1.30565022,1.30565022,1.30565022,0.0,0.0,2026-03-10
20250974143,20250974143,2025,2025-07-25,2025-07-25,2025-07-25,516,040250,Terras de Trás-Os-Montes,Bragança,Bragança,União das freguesias de Aveleda e Rio de Onor,"Aveleda, Bragança, Portugal (AVELEDA)",125,Negligent,Burning for pasture management,248.54374724,248.54374724,24.82145037,189.87004557,33.8522513,2026-03-10
20250425719,20250425719,2025,2025-04-01,2025-04-01,2025-04-01,172,041242,Terras de Trás-Os-Montes,Bragança,Vinhais,União das freguesias de Travanca e Santa Cruz,TRAVANCA (São Trigoso),127,Negligent,Extensive burning - Clearance of paths and access routes,3.00095718,3.00095718,0.00036033,2.99154621,0.00905063,2026-03-10
20250533888,20250533888,2025,2025-04-26,2025-04-26,2025-04-26,157,041226,Terras de Trás-Os-Montes,Bragança,Vinhais,Tuizelo,"LatLong(41.89476000,-7.05673000) - Igreja Paroquial de Tuizelo, 5320-198 Vinhais, Portugal (Ribeiro do Covo)",127,Negligent,Extensive burning - Clearance of paths and access routes,3.70078587,3.70078587,3.21170501,0.35347014,0.13561072,2026-03-10
20250421330,20250421330,2025,2025-03-31,2025-03-31,2025-04-01,269,041226,Terras de Trás-Os-Montes,Bragança,Vinhais,Tuizelo,Salgueiros (Borralhos),125,Negligent,Burning for pasture management,4.51110782,4.51110782,1.78336095,2.72774687,0.0,2026-03-10
20250280648,20250280648,2025,2025-03-03,2025-03-03,2025-03-03,79,041221,Terras de Trás-Os-Montes,Bragança,Vinhais,Santalha,Seixão (ED308 (ED308) Km 212),60,Unknown,Undetermined,7.22170791,7.22170791,0.34664514,6.87506277,0.0,2026-03-10
20250075213,20250075213,2025,2025-01-17,2025-01-17,2025-01-17,216,041226,Terras de Trás-Os-Montes,Bragança,Vinhais,Tuizelo,"LatLong(41.91389000,-7.03575000) - N308, 5320 Vinhais, Portugal (Portela do Covo)",125,Negligent,Burning for pasture management,2.03477624,2.03477624,0.0,2.03477624,0.0,2026-03-10
20251394733,20251394733,2025,2025-10-17,2025-10-17,2025-10-17,184,170322,Alto Tâmega e Barroso,Vila Real,Chaves,Paradela,Paradela de Monforte (Choucinhas),122,Negligent,Burning of forest or agricultural residues,1.1648611,1.1648611,0.95703339,0.0,0.20782771,2026-03-10
20251322997,20251322997,2025,2025-10-02,2025-10-02,2025-10-02,75,170309,Alto Tâmega e Barroso,Vila Real,Chaves,Cimo de Vila da Castanheira,"Dadim, Chaves, Portugal (Pardieiros)",125,Negligent,Burning for pasture management,0.28405093,0.7,0.0,0.7,0.0,2026-01-28
20251260429,20251260429,2025,2025-09-20,2025-09-20,2025-09-20,98,170360,Alto Tâmega e Barroso,Vila Real,Chaves,União das freguesias de Travancas e Roriz,MUINHEIROS,125,Negligent,Burning for pasture management,0.47770321,0.9,0.0,0.9,0.0,2025-11-19
20251245006,20251245006,2025,2025-09-17,2025-09-17,2025-09-17,61,170360,Alto Tâmega e Barroso,Vila Real,Chaves,União das freguesias de Travancas e Roriz,"São Cornélio, Chaves, Portugal (Alto da Cegonha)",127,Negligent,Extensive burning - Clearance of paths and access routes,1.49740101,1.49740101,0.0,0.97498512,0.52241589,2026-03-10
20251236542,20251236542,2025,2025-09-15,2025-09-15,2025-09-15,175,041239,Terras de Trás-Os-Montes,Bragança,Vinhais,União das freguesias de Quirás e Pinheiro Novo,Edroso (ARRASCA),127,Negligent,Extensive burning - Clearance of paths and access routes,12.80099862,12.80099862,1.29242063,11.38624893,0.12232906,2026-03-10
20250414751,20250414751,2025,2025-03-30,2025-03-30,2025-03-30,258,041239,Terras de Trás-Os-Montes,Bragança,Vinhais,União das freguesias de Quirás e Pinheiro Novo,Edroso (Vale do Moinho),127,Negligent,Extensive burning - Clearance of paths and access routes,7.91441093,7.91441093,2.02894322,5.51050254,0.37496518,2026-03-10
20251053302,20251053302,2025,2025-08-08,2025-08-09,2025-08-09,122,041239,Terras de Trás-Os-Montes,Bragança,Vinhais,União das freguesias de Quirás e Pinheiro Novo,Edroso (Cabeço da Vela),127,Negligent,Extensive burning - Clearance of paths and access routes,0.56845833,0.56845833,0.03946835,0.45850685,0.07048313,2026-03-10
20251036740,20251036740,2025,2025-08-06,2025-08-06,2025-08-06,102,041239,Terras de Trás-Os-Montes,Bragança,Vinhais,União das freguesias de Quirás e Pinheiro Novo,Quiráz (Boucinhas),127,Negligent,Extensive burning - Clearance of paths and access routes,1.87141851,1.87141851,0.08462867,1.78678984,0.0,2026-03-10
20251078764,20251078764,2025,2025-08-13,2025-08-13,2025-08-15,2315,041239,Terras de Trás-Os-Montes,Bragança,Vinhais,União das freguesias de Quirás e Pinheiro Novo,"Quiraz, PNM (Malho)",51,Natural,Natural causes,146.45634985,146.45634984,26.95400739,107.67468532,11.82765714,2026-03-10
20250419636,20250419636,2025,2025-03-31,2025-03-31,2025-03-31,118,170637,Alto Tâmega e Barroso,Vila Real,Montalegre,União das freguesias de Meixedo e Padornelos,FACHO 2º,125,Negligent,Burning for pasture management,1.7053658,1.7053658,0.0,1.43151396,0.27385184,2026-03-10
20251346733,20251346733,2025,2025-10-07,2025-10-07,2025-10-07,75,170637,Alto Tâmega e Barroso,Vila Real,Montalegre,União das freguesias de Meixedo e Padornelos,Laceiras,125,Negligent,Burning for pasture management,1.30350335,1.30350335,0.0033421,1.28296989,0.01719135,2026-03-10
20251359108,20251359108,2025,2025-10-10,2025-10-10,2025-10-10,602,170612,Alto Tâmega e Barroso,Vila Real,Montalegre,Gralhas,Outeiro do Telhoso,125,Negligent,Burning for pasture management,264.8360459,264.79297485,13.88360595,245.71344274,5.19592617,2026-03-10
20251335767,20251335767,2025,2025-10-05,2025-10-05,2025-10-05,149,170637,Alto Tâmega e Barroso,Vila Real,Montalegre,União das freguesias de Meixedo e Padornelos,PEDREGALHO,125,Negligent,Burning for pasture management,0.68867523,0.68867523,0.0,0.68867523,0.0,2026-03-10
20251326858,20251326858,2025,2025-10-03,2025-10-03,2025-10-03,50,170637,Alto Tâmega e Barroso,Vila Real,Montalegre,União das freguesias de Meixedo e Padornelos,PEDREGALHO,125,Negligent,Burning for pasture management,1.39325701,1.39325701,0.0,1.39325701,0.0,2026-03-10
20251336807,20251336807,2025,2025-10-05,2025-10-05,2025-10-06,138,170637,Alto Tâmega e Barroso,Vila Real,Montalegre,União das freguesias de Meixedo e Padornelos,PADORNELOS,125,Negligent,Burning for pasture management,8.82580284,8.82580284,0.0,8.82580284,0.0,2026-03-10
20251356540,20251356540,2025,2025-10-09,2025-10-09,2025-10-10,249,170612,Alto Tâmega e Barroso,Vila Real,Montalegre,Gralhas,Outeiro do Telhoso,125,Negligent,Burning for pasture management,4.15183163,4.15183163,0.0,4.15183163,0.0,2026-03-10
20251401159,20251401159,2025,2025-10-18,2025-10-18,2025-10-19,163,170612,Alto Tâmega e Barroso,Vila Real,Montalegre,Gralhas,Largo do Padrão,125,Negligent,Burning for pasture management,5.31988882,5.31988882,0.0,5.03025685,0.28963196,2026-03-10
20251271098,20251271098,2025,2025-09-22,2025-09-22,2025-09-24,3081,170627,Alto Tâmega e Barroso,Vila Real,Montalegre,Santo André,Ribeira da Cachada,711,Rekindling,Rekindling,128.64392774,128.64392774,22.93574281,88.4516392,17.25654572,2026-03-10
20251093507,20251093507,2025,2025-08-16,2025-08-16,2025-08-16,63,170627,Alto Tâmega e Barroso,Vila Real,Montalegre,Santo André,Campo da Armada,125,Negligent,Burning for pasture management,1.8089381,1.8089381,0.0,1.40272579,0.40621232,2026-03-10
20251233390,20251233390,2025,2025-09-14,2025-09-14,2025-09-14,102,170627,Alto Tâmega e Barroso,Vila Real,Montalegre,Santo André,Santo André (Campo da Armada),125,Negligent,Burning for pasture management,9.94542141,9.94542141,0.0,7.98342141,1.962,2026-03-10
20251242187,20251242187,2025,2025-09-16,2025-09-16,2025-09-16,173,170637,Alto Tâmega e Barroso,Vila Real,Montalegre,União das freguesias de Meixedo e Padornelos,Serra do Larouco,125,Negligent,Burning for pasture management,7.64522402,7.64522402,0.0,7.64522402,0.0,2026-03-10
20251154076,20251154076,2025,2025-08-28,2025-08-28,2025-08-28,93,170612,Alto Tâmega e Barroso,Vila Real,Montalegre,Gralhas,LAROUCO,125,Negligent,Burning for pasture management,1.34426879,1.34426879,0.0,1.34426879,0.0,2026-03-10
20250965241,20250965241,2025,2025-07-23,2025-07-23,2025-07-24,563,170643,Alto Tâmega e Barroso,Vila Real,Montalegre,União das freguesias de Vilar de Perdizes e Meixide,VILAR DE PERDIZES (S.Miguel),449,Intentional,Arson - Culpable,237.08394472,150.69812215,9.12857669,141.56954546,0.0,2026-03-10
20251260064,20251260064,2025,2025-09-20,2025-09-20,2025-09-20,1245,170612,Alto Tâmega e Barroso,Vila Real,Montalegre,Gralhas,Lousas,125,Negligent,Burning for pasture management,1101.87504576,1100.61072543,18.37696368,1042.76947308,39.46428866,2026-03-10
20250405343,20250405343,2025,2025-03-28,2025-03-28,2025-03-28,128,041237,Terras de Trás-Os-Montes,Bragança,Vinhais,União das freguesias de Moimenta e Montouto,Landedo (Moinho do Landedo),125,Negligent,Burning for pasture management,21.49277536,21.49277536,3.46774533,15.30068408,2.72434595,2026-03-10
20250423288,20250423288,2025,2025-04-01,2025-04-01,2025-04-01,108,041237,Terras de Trás-Os-Montes,Bragança,Vinhais,União das freguesias de Moimenta e Montouto,MOIMENTA (Ponte Nova),60,Unknown,Undetermined,8.47322986,8.47322986,1.42396926,7.0492606,0.0,2026-03-10
20250914203,20250914203,2025,2025-07-13,2025-07-13,2025-07-13,78,041237,Terras de Trás-Os-Montes,Bragança,Vinhais,União das freguesias de Moimenta e Montouto,Casares (Alto do Rosso),127,Negligent,Extensive burning - Clearance of paths and access routes,1.01088244,1.01088244,0.0,1.01088244,0.0,2026-03-10
20251385126,20251385126,2025,2025-10-15,2025-10-15,2025-10-15,67,041241,Terras de Trás-Os-Montes,Bragança,Vinhais,"União das freguesias de Soeira, Fresulfe e Mofreita",MOFREITA (Vilar),125,Negligent,Burning for pasture management,2.81159911,2.81159911,0.17889285,1.85967831,0.77302795,2026-03-10
20250868118,20250868118,2025,2025-07-04,2025-07-04,2025-07-04,560,040250,Terras de Trás-Os-Montes,Bragança,Bragança,União das freguesias de Aveleda e Rio de Onor,"Guadramil, Bragança (Gandaras)",51,Natural,Natural causes,0.71930192,0.71930192,0.69240702,0.0268949,0.0,2026-03-10
20251128413,20251128413,2025,2025-08-23,2025-08-23,2025-08-23,815,041237,Terras de Trás-Os-Montes,Bragança,Vinhais,União das freguesias de Moimenta e Montouto,MOIMENTA (Ponte do Couço),125,Negligent,Burning for pasture management,1.0803459,1.0803459,0.0465335,1.0338124,0.0,2026-03-10
20251161852,20251161852,2025,2025-08-30,2025-08-30,2025-08-30,738,041237,Terras de Trás-Os-Montes,Bragança,Vinhais,União das freguesias de Moimenta e Montouto,"Moimenta, Vinhais, Portugal (Ponte do Couço)",125,Negligent,Burning for pasture management,9.26956959,9.26956959,0.51717156,8.75239803,0.0,2026-03-10
20250984395,20250984395,2025,2025-07-27,2025-07-27,2025-07-27,113,041237,Terras de Trás-Os-Montes,Bragança,Vinhais,União das freguesias de Moimenta e Montouto,Moimenta (Ponte da Pedra),711,Rekindling,Rekindling,1.28867066,1.28867067,0.11302156,1.1756491,0.0,2026-03-10
20251090164,20251090164,2025,2025-08-15,2025-08-15,2025-08-15,312,041237,Terras de Trás-Os-Montes,Bragança,Vinhais,União das freguesias de Moimenta e Montouto,Veiga (Ribeira de Anta),711,Rekindling,Rekindling,0.50720907,0.50720907,0.21560235,0.29160673,0.0,2026-03-10
20251087502,20251087502,2025,2025-08-15,2025-08-15,2025-08-15,293,041237,Terras de Trás-Os-Montes,Bragança,Vinhais,União das freguesias de Moimenta e Montouto,Moimenta (Ponte Nova),127,Negligent,Extensive burning - Clearance of paths and access routes,4.0528724,4.0528724,0.04203463,4.01083777,0.0,2026-03-10
20251362408,20251362408,2025,2025-10-11,2025-10-11,2025-10-11,549,041237,Terras de Trás-Os-Montes,Bragança,Vinhais,União das freguesias de Moimenta e Montouto,MOIMENTA (Pedradeira),125,Negligent,Burning for pasture management,12.09780835,12.09780835,0.29196508,11.80584327,0.0,2026-03-10
20251364179,20251364179,2025,2025-10-11,2025-10-11,2025-10-11,148,041237,Terras de Trás-Os-Montes,Bragança,Vinhais,União das freguesias de Moimenta e Montouto,"Moimenta, Vinhais, PNM (ENTRE NOZEDOS)",711,Rekindling,Rekindling,21.80416281,21.80416281,3.2124437,17.1473281,1.44439101,2026-03-10
20250419565,20250419565,2025,2025-03-31,2025-03-31,2025-03-31,378,040215,Terras de Trás-Os-Montes,Bragança,Bragança,França,Serra Serrada (MONTEZINHO),11001,Unknown,Undetermined,313.73810925,29.37216434,0.0,29.37216434,0.0,2026-03-10
20250987719,20250987719,2025,2025-07-28,2025-07-28,2025-07-28,79,041237,Terras de Trás-Os-Montes,Bragança,Vinhais,União das freguesias de Moimenta e Montouto,MOIMENTA (Aligueira),,,,0.92863694,0.92863694,0.0,0.87087016,0.05776677,2026-03-10
20251391315,20251391315,2025,2025-10-16,2025-10-16,2025-10-16,47,041237,Terras de Trás-Os-Montes,Bragança,Vinhais,União das freguesias de Moimenta e Montouto,MOIMENTA (Ribeira de Anta),125,Negligent,Burning for pasture management,0.67042193,0.67042193,0.08334341,0.58707852,0.0,2026-03-10
20251396244,20251396244,2025,2025-10-17,2025-10-17,2025-10-17,45,041237,Terras de Trás-Os-Montes,Bragança,Vinhais,União das freguesias de Moimenta e Montouto,MOIMENTA (Boquête),125,Negligent,Burning for pasture management,0.65787606,0.65787606,0.00824277,0.46019774,0.18943556,2026-03-10
20250982936,20250982936,2025,2025-07-27,2025-07-27,2025-07-27,80,041237,Terras de Trás-Os-Montes,Bragança,Vinhais,União das freguesias de Moimenta e Montouto,Moimenta (Carvalhoso),125,Negligent,Burning for pasture management,1.14349941,0.9736839,0.0,0.9736839,0.0,2026-03-10
20251194344,20251194344,2025,2025-09-06,2025-09-06,2025-09-06,653,041237,Terras de Trás-Os-Montes,Bragança,Vinhais,União das freguesias de Moimenta e Montouto,Moimenta (Ribeira de Anta),125,Negligent,Burning for pasture management,35.58092795,35.58050122,0.0,35.14350426,0.43699696,2026-03-10
